{
    "admin": [
        {
            "url": "admin/dashboard",
            "name": "Dashboard",
            "icon": "layout",
            "slug": "admin.home"
        },
        {
            "url": "admin/landlord",
            "name": "Landlords",
            "icon": "users",
            "slug": "admin.landlord.index"
        },
        {
            "url": "admin/properties",
            "name": "Properties",
            "icon": "home",
            "slug": "admin.properties.index"
        },
        {
            "url": "admin/tenant",
            "name": "Tenants",
            "icon": "user-plus",
            "slug": "admin.tenant.index"
        },
        {
            "url": "admin/leases",
            "name": "Leases",
            "icon": "lock",
            "slug": "admin.leases.index"
        },
        {
            "url": "admin/utilities",
            "name": "Utilities",
            "icon": "gift",
            "slug": "admin.utilities.index"
        },
        {
            "url": "admin/invoice",
            "name": "Invoice",
            "icon": "book",
            "slug": "admin.invoice.index"
        },
        {
            "url": "admin/payment",
            "name": "Payment",
            "icon": "credit-card",
            "slug": "admin.payment.index"
        },
        {
            "url": "admin/vacate-notice",
            "name": "Vacate Notice",
            "icon": "lock",
            "slug": "admin.vacate_notice.index"
        },
        {
            "url": "admin/setting",
            "name": "Setting",
            "icon": "settings",
            "slug": "admin.setting.index"
        },
        {
            "url": "admin/report",
            "name": "Reports",
            "icon": "layers",
            "slug": "admin.report.index"
        },
        {
            "url": "admin/repair",
            "name": "Repair & Maintenance",
            "icon": "tool",
            "slug": "admin.repair.index"
        },
        {
            "url": "logout",
            "name": "logout",
            "icon": "log-out",
            "slug": "logout"
        }
    ],
    "landlord": [
        {
            "url": "landlord/dashboard",
            "name": "Dashboard",
            "icon": "layout",
            "slug": "landlord.home"
        },
        {
            "url": "landlord/properties",
            "name": "Properties",
            "icon": "home",
            "slug": "properties"
        },
        {
            "url": "landlord/leases",
            "name": "Leases",
            "icon": "file-minus",
            "slug": "leases"
        },
        {
            "url": "landlord/payment",
            "name": "Payment",
            "icon": "credit-card",
            "slug": "payment"
        },
        {
            "url": "landlord/vacate_notice",
            "name": "Vacate Notice",
            "icon": "lock",
            "slug": "vacate_notice"
        },

        {
            "url": "landlord/document",
            "name": "document",
            "icon": "file-text",
            "slug": "document"
        },

        {
            "url": "landlord/profile",
            "name": "profile",
            "icon": "user-check",
            "slug": "profile"
        },
        {
            "url": "logout",
            "name": "logout",
            "icon": "log-out",
            "slug": "logout"
        }
    ],
    "tenant": [
        {
            "url": "tenant/dashboard",
            "name": "Dashboard",
            "icon": "layout",
            "slug": "tenant.home"
        },
        {
            "url": "tenant/leases",
            "name": "Leases",
            "icon": "lock",
            "slug": "leases"
        },
        {
            "url": "tenant/invoice",
            "name": "Invoice",
            "icon": "book",
            "slug": "invoice"
        },
        {
            "url": "tenant/payment",
            "name": "Payment",
            "icon": "credit-card",
            "slug": "payment"
        },
        {
            "url": "tenant/vacate_notice",
            "name": "Vacate Notice",
            "icon": "lock",
            "slug": "vacate_notice"
        },
        {
            "url": "tenant/document",
            "name": "document",
            "icon": "file-text",
            "slug": "document"
        },

        {
            "url": "tenant/profile",
            "name": "profile",
            "icon": "user-check",
            "slug": "profile"
        },
        {
            "url": "logout",
            "name": "logout",
            "icon": "log-out",
            "slug": "logout"
        }
    ]
}
